<?xml version="1.0" encoding="UTF-8" standalone="yes"?>
<level>
    <itemList>
        <value>3</value>
        <weight>4</weight>
        <name>Kompass</name>
    </itemList>
    <itemList>
        <value>4</value>
        <weight>4</weight>
        <name>Spiegel</name>
    </itemList>
    <itemList>
        <value>6</value>
        <weight>2</weight>
        <name>Ring</name>
    </itemList>
    <itemAmountList>1</itemAmountList>
    <itemAmountList>1</itemAmountList>
    <itemAmountList>1</itemAmountList>
    <robber>GIERIGER_GANOVE</robber>
    <capacity>6</capacity>
    <counter>0</counter>
</level>
