<?xml version="1.0" encoding="UTF-8" standalone="yes"?>
<level>
    <robber>GIERIGER_GANOVE</robber>
    <myRucksack>
        <itemList>
            <value>3</value>
            <weight>4</weight>
            <name>Kompass</name>
        </itemList>
        <itemList>
            <value>4</value>
            <weight>4</weight>
            <name>Spiegel</name>
        </itemList>
        <itemList>
            <value>6</value>
            <weight>2</weight>
            <name>Ring</name>
        </itemList>
        <itemAmountList>1</itemAmountList>
        <itemAmountList>1</itemAmountList>
        <itemAmountList>1</itemAmountList>
        <capacity>6</capacity>
        <currentValue>0</currentValue>
        <currentWeight>0</currentWeight>
    </myRucksack>
    <currentValue>0</currentValue>
    <currentWeight>0</currentWeight>
</level>
