<rucksack.Level>
  <robber>GIERIGER_GANOVE</robber>
  <myRucksack>
    <itemList>
      <rucksack.Item>
        <value>3</value>
        <weight>4</weight>
        <name>Kompass</name>
      </rucksack.Item>
      <rucksack.Item>
        <value>4</value>
        <weight>4</weight>
        <name>Spiegel</name>
      </rucksack.Item>
      <rucksack.Item>
        <value>6</value>
        <weight>2</weight>
        <name>Ring</name>
      </rucksack.Item>
    </itemList>
    <itemAmountList>
      <int>1</int>
      <int>1</int>
      <int>1</int>
    </itemAmountList>
    <availableItemAmountList>
      <int>1</int>
      <int>1</int>
      <int>1</int>
    </availableItemAmountList>
    <inRucksackAmountList>
      <int>0</int>
      <int>0</int>
      <int>0</int>
    </inRucksackAmountList>
    <currentValue>0</currentValue>
    <currentWeight>0</currentWeight>
    <capacity>6</capacity>
    <backtrackingItemList/>
    <inTrashAmountList/>
  </myRucksack>
</rucksack.Level>