<rucksack.Level>
  <robber>GIERIGER_GANOVE</robber>
  <myRucksack>
    <itemList>
      <rucksack.Item>
        <value>2</value>
        <weight>2</weight>
        <name>Buch</name>
      </rucksack.Item>
      <rucksack.Item>
        <value>8</value>
        <weight>9</weight>
        <name>Spiegel</name>
      </rucksack.Item>
    </itemList>
    <itemAmountList>
      <int>1</int>
      <int>1</int>
    </itemAmountList>
    <availableItemAmountList>
      <int>1</int>
      <int>1</int>
    </availableItemAmountList>
    <inRucksackAmountList>
      <int>0</int>
      <int>0</int>
    </inRucksackAmountList>
    <currentValue>0</currentValue>
    <currentWeight>0</currentWeight>
    <capacity>9</capacity>
    <backtrackingItemList/>
    <inTrashAmountList/>
  </myRucksack>
</rucksack.Level>