<?xml version="1.0" encoding="UTF-8" standalone="yes"?>
<level>
    <robber>GIERIGER_GANOVE</robber>
    <myRucksack>
        <itemList>
            <value>2</value>
            <weight>2</weight>
            <name>Buch</name>
        </itemList>
        <itemList>
            <value>9</value>
            <weight>8</weight>
            <name>Spiegel</name>
        </itemList>
        <itemAmountList>1</itemAmountList>
        <itemAmountList>1</itemAmountList>
        <capacity>9</capacity>
        <currentValue>0</currentValue>
        <currentWeight>0</currentWeight>
    </myRucksack>
    <currentValue>0</currentValue>
    <currentWeight>0</currentWeight>
</level>
