<?xml version="1.0" encoding="UTF-8" standalone="yes"?>
<level>
    <itemList>
        <value>6</value>
        <weight>6</weight>
        <name>Zeichnung</name>
    </itemList>
    <itemList>
        <value>4</value>
        <weight>3</weight>
        <name>Brief</name>
    </itemList>
    <itemList>
        <value>4</value>
        <weight>1</weight>
        <name>Perle</name>
    </itemList>
    <itemList>
        <value>7</value>
        <weight>4</weight>
        <name>Geldschein</name>
    </itemList>
    <itemAmountList>1</itemAmountList>
    <itemAmountList>1</itemAmountList>
    <itemAmountList>1</itemAmountList>
    <itemAmountList>1</itemAmountList>
    <robber>BACKTRACKING_BANDIT</robber>
    <capacity>10</capacity>
    <counter>0</counter>
</level>
