<rucksack.Level>
  <robber>BACKTRACKING_BANDIT</robber>
  <myRucksack>
    <itemList>
      <rucksack.Item>
        <value>16</value>
        <weight>18</weight>
        <name>Spiegel</name>
      </rucksack.Item>
      <rucksack.Item>
        <value>10</value>
        <weight>7</weight>
        <name>Kompass</name>
      </rucksack.Item>
      <rucksack.Item>
        <value>7</value>
        <weight>3</weight>
        <name>Diamant</name>
      </rucksack.Item>
      <rucksack.Item>
        <value>7</value>
        <weight>4</weight>
        <name>Perle</name>
      </rucksack.Item>
      <rucksack.Item>
        <value>12</value>
        <weight>14</weight>
        <name>Krone</name>
      </rucksack.Item>
    </itemList>
    <itemAmountList>
      <int>1</int>
      <int>1</int>
      <int>1</int>
      <int>1</int>
      <int>1</int>
    </itemAmountList>
    <availableItemAmountList>
      <int>1</int>
      <int>1</int>
      <int>1</int>
      <int>1</int>
      <int>1</int>
    </availableItemAmountList>
    <inRucksackAmountList>
      <int>0</int>
      <int>0</int>
      <int>0</int>
      <int>0</int>
      <int>0</int>
    </inRucksackAmountList>
    <currentValue>0</currentValue>
    <currentWeight>0</currentWeight>
    <capacity>25</capacity>
    <backtrackingItemList/>
    <inTrashAmountList/>
  </myRucksack>
</rucksack.Level>