<?xml version="1.0" encoding="UTF-8" standalone="yes"?>
<level>
    <itemList>
        <value>16</value>
        <weight>18</weight>
        <name>Spiegel</name>
    </itemList>
    <itemList>
        <value>10</value>
        <weight>7</weight>
        <name>Kompass</name>
    </itemList>
    <itemList>
        <value>7</value>
        <weight>3</weight>
        <name>Diamant</name>
    </itemList>
    <itemList>
        <value>7</value>
        <weight>4</weight>
        <name>Perle</name>
    </itemList>
    <itemList>
        <value>14</value>
        <weight>12</weight>
        <name>Krone</name>
    </itemList>
    <itemAmountList>1</itemAmountList>
    <itemAmountList>1</itemAmountList>
    <itemAmountList>1</itemAmountList>
    <itemAmountList>1</itemAmountList>
    <itemAmountList>1</itemAmountList>
    <robber>BACKTRACKING_BANDIT</robber>
    <capacity>25</capacity>
    <counter>0</counter>
</level>
