<rucksack.Level>
  <robber>BACKTRACKING_BANDIT</robber>
  <myRucksack>
    <itemList>
      <rucksack.Item>
        <value>31</value>
        <weight>19</weight>
        <name>Krone</name>
      </rucksack.Item>
      <rucksack.Item>
        <value>14</value>
        <weight>8</weight>
        <name>Dolch</name>
      </rucksack.Item>
      <rucksack.Item>
        <value>8</value>
        <weight>6</weight>
        <name>Buch</name>
      </rucksack.Item>
      <rucksack.Item>
        <value>8</value>
        <weight>2</weight>
        <name>Perle</name>
      </rucksack.Item>
      <rucksack.Item>
        <value>12</value>
        <weight>12</weight>
        <name>Pokal</name>
      </rucksack.Item>
    </itemList>
    <itemAmountList>
      <int>1</int>
      <int>1</int>
      <int>1</int>
      <int>1</int>
      <int>1</int>
    </itemAmountList>
    <availableItemAmountList>
      <int>1</int>
      <int>1</int>
      <int>1</int>
      <int>1</int>
      <int>1</int>
    </availableItemAmountList>
    <inRucksackAmountList>
      <int>0</int>
      <int>0</int>
      <int>0</int>
      <int>0</int>
      <int>0</int>
    </inRucksackAmountList>
    <currentValue>0</currentValue>
    <currentWeight>0</currentWeight>
    <capacity>20</capacity>
    <backtrackingItemList/>
    <inTrashAmountList/>
  </myRucksack>
</rucksack.Level>