<?xml version="1.0" encoding="UTF-8" standalone="yes"?>
<level>
    <itemList>
        <value>6</value>
        <weight>2</weight>
        <name>Diamant</name>
    </itemList>
    <itemList>
        <value>2</value>
        <weight>4</weight>
        <name>Axt</name>
    </itemList>
    <itemList>
        <value>5</value>
        <weight>5</weight>
        <name>Krone</name>
    </itemList>
    <itemAmountList>1</itemAmountList>
    <itemAmountList>1</itemAmountList>
    <itemAmountList>1</itemAmountList>
    <robber>GIERIGER_GANOVE</robber>
    <capacity>9</capacity>
    <counter>0</counter>
</level>
