<?xml version="1.0" encoding="UTF-8" standalone="yes"?>
<level>
    <robber>GIERIGER_GANOVE</robber>
    <myRucksack>
        <itemList>
            <value>6</value>
            <weight>2</weight>
            <name>Diamant</name>
        </itemList>
        <itemList>
            <value>4</value>
            <weight>2</weight>
            <name>Axt</name>
        </itemList>
        <itemList>
            <value>5</value>
            <weight>5</weight>
            <name>Krone</name>
        </itemList>
        <itemAmountList>1</itemAmountList>
        <itemAmountList>1</itemAmountList>
        <itemAmountList>1</itemAmountList>
        <capacity>9</capacity>
        <currentValue>0</currentValue>
        <currentWeight>0</currentWeight>
    </myRucksack>
    <currentValue>0</currentValue>
    <currentWeight>0</currentWeight>
</level>
