<rucksack.Level>
  <robber>GIERIGER_GANOVE</robber>
  <myRucksack>
    <itemList>
      <rucksack.Item>
        <value>2155</value>
        <weight>431</weight>
        <name>Spigel</name>
      </rucksack.Item>
      <rucksack.Item>
        <value>426</value>
        <weight>426</weight>
        <name>Pokal</name>
      </rucksack.Item>
      <rucksack.Item>
        <value>128</value>
        <weight>32</weight>
        <name>Zeichnung</name>
      </rucksack.Item>
      <rucksack.Item>
        <value>84</value>
        <weight>21</weight>
        <name>Diamant</name>
      </rucksack.Item>
      <rucksack.Item>
        <value>88</value>
        <weight>22</weight>
        <name>Perle</name>
      </rucksack.Item>
      <rucksack.Item>
        <value>120</value>
        <weight>30</weight>
        <name>Brief</name>
      </rucksack.Item>
      <rucksack.Item>
        <value>1127</value>
        <weight>322</weight>
        <name>Krone</name>
      </rucksack.Item>
      <rucksack.Item>
        <value>245</value>
        <weight>70</weight>
        <name>Dolch</name>
      </rucksack.Item>
      <rucksack.Item>
        <value>882</value>
        <weight>252</weight>
        <name>Vase</name>
      </rucksack.Item>
      <rucksack.Item>
        <value>350</value>
        <weight>100</weight>
        <name>Kompass</name>
      </rucksack.Item>
      <rucksack.Item>
        <value>210</value>
        <weight>70</weight>
        <name>Axt</name>
      </rucksack.Item>
      <rucksack.Item>
        <value>36</value>
        <weight>12</weight>
        <name>Münze</name>
      </rucksack.Item>
      <rucksack.Item>
        <value>18</value>
        <weight>6</weight>
        <name>Geldschein</name>
      </rucksack.Item>
    </itemList>
    <itemAmountList>
      <int>1</int>
      <int>1</int>
      <int>1</int>
      <int>1</int>
      <int>1</int>
      <int>1</int>
      <int>1</int>
      <int>1</int>
      <int>1</int>
      <int>1</int>
      <int>2</int>
      <int>1</int>
      <int>2</int>
    </itemAmountList>
    <availableItemAmountList>
      <int>1</int>
      <int>1</int>
      <int>1</int>
      <int>1</int>
      <int>1</int>
      <int>1</int>
      <int>1</int>
      <int>1</int>
      <int>1</int>
      <int>1</int>
      <int>2</int>
      <int>1</int>
      <int>2</int>
    </availableItemAmountList>
    <inRucksackAmountList>
      <int>0</int>
      <int>0</int>
      <int>0</int>
      <int>0</int>
      <int>0</int>
      <int>0</int>
      <int>0</int>
      <int>0</int>
      <int>0</int>
      <int>0</int>
      <int>0</int>
      <int>0</int>
      <int>0</int>
    </inRucksackAmountList>
    <currentValue>0</currentValue>
    <currentWeight>0</currentWeight>
    <capacity>426</capacity>
    <backtrackingItemList/>
    <inTrashAmountList/>
  </myRucksack>
</rucksack.Level>