<?xml version="1.0" encoding="UTF-8" standalone="yes"?>
<level>
    <itemList>
        <value>2155</value>
        <weight>431</weight>
        <name>Spiegel</name>
    </itemList>
    <itemList>
        <value>426</value>
        <weight>426</weight>
        <name>Pokal</name>
    </itemList>
    <itemList>
        <value>128</value>
        <weight>32</weight>
        <name>Zeichnung</name>
    </itemList>
    <itemList>
        <value>84</value>
        <weight>21</weight>
        <name>Diamant</name>
    </itemList>
    <itemList>
        <value>88</value>
        <weight>22</weight>
        <name>Perle</name>
    </itemList>
    <itemList>
        <value>120</value>
        <weight>30</weight>
        <name>Brief</name>
    </itemList>
    <itemList>
        <value>1127</value>
        <weight>322</weight>
        <name>Krone</name>
    </itemList>
    <itemList>
        <value>245</value>
        <weight>70</weight>
        <name>Dolch</name>
    </itemList>
    <itemList>
        <value>882</value>
        <weight>252</weight>
        <name>Vase</name>
    </itemList>
    <itemList>
        <value>350</value>
        <weight>100</weight>
        <name>Kompass</name>
    </itemList>
    <itemList>
        <value>210</value>
        <weight>70</weight>
        <name>Axt</name>
    </itemList>
    <itemList>
        <value>36</value>
        <weight>12</weight>
        <name>Münze</name>
    </itemList>
    <itemList>
        <value>18</value>
        <weight>6</weight>
        <name>Geldschein</name>
    </itemList>
    <itemAmountList>1</itemAmountList>
    <itemAmountList>1</itemAmountList>
    <itemAmountList>1</itemAmountList>
    <itemAmountList>1</itemAmountList>
    <itemAmountList>1</itemAmountList>
    <itemAmountList>4</itemAmountList>
    <itemAmountList>1</itemAmountList>
    <itemAmountList>1</itemAmountList>
    <itemAmountList>1</itemAmountList>
    <itemAmountList>1</itemAmountList>
    <itemAmountList>2</itemAmountList>
    <itemAmountList>1</itemAmountList>
    <itemAmountList>2</itemAmountList>
    <robber>GIERIGER_GANOVE</robber>
    <capacity>426</capacity>
    <counter>0</counter>
</level>
