<rucksack.Level>
  <robber>DR_META</robber>
  <myRucksack>
    <itemList>
      <rucksack.Item>
        <value>3</value>
        <weight>5</weight>
        <name>Axt</name>
      </rucksack.Item>
      <rucksack.Item>
        <value>4</value>
        <weight>5</weight>
        <name>Buch</name>
      </rucksack.Item>
      <rucksack.Item>
        <value>2</value>
        <weight>2</weight>
        <name>Geldschein</name>
      </rucksack.Item>
      <rucksack.Item>
        <value>4</value>
        <weight>3</weight>
        <name>Brief</name>
      </rucksack.Item>
    </itemList>
    <itemAmountList>
      <int>1</int>
      <int>1</int>
      <int>1</int>
      <int>1</int>
    </itemAmountList>
    <availableItemAmountList>
      <int>1</int>
      <int>1</int>
      <int>1</int>
      <int>1</int>
    </availableItemAmountList>
    <inRucksackAmountList>
      <int>0</int>
      <int>0</int>
      <int>0</int>
      <int>0</int>
    </inRucksackAmountList>
    <currentValue>0</currentValue>
    <currentWeight>0</currentWeight>
    <capacity>5</capacity>
    <backtrackingItemList/>
    <inTrashAmountList/>
  </myRucksack>
</rucksack.Level>