<?xml version="1.0" encoding="UTF-8" standalone="yes"?>
<level>
    <itemList>
        <value>3</value>
        <weight>5</weight>
        <name>Axt</name>
    </itemList>
    <itemList>
        <value>4</value>
        <weight>5</weight>
        <name>Buch</name>
    </itemList>
    <itemList>
        <value>2</value>
        <weight>2</weight>
        <name>Geldschein</name>
    </itemList>
    <itemList>
        <value>4</value>
        <weight>3</weight>
        <name>Brief</name>
    </itemList>
    <itemAmountList>1</itemAmountList>
    <itemAmountList>1</itemAmountList>
    <itemAmountList>1</itemAmountList>
    <itemAmountList>1</itemAmountList>
    <robber>DR_META</robber>
    <capacity>5</capacity>
    <counter>0</counter>
</level>
