<?xml version="1.0" encoding="UTF-8" standalone="yes"?>
<level>
    <robber>DR_META</robber>
    <myRucksack>
        <itemList>
            <value>5</value>
            <weight>3</weight>
            <name>Axt</name>
        </itemList>
        <itemList>
            <value>5</value>
            <weight>4</weight>
            <name>Buch</name>
        </itemList>
        <itemList>
            <value>2</value>
            <weight>2</weight>
            <name>Geldschein</name>
        </itemList>
        <itemList>
            <value>3</value>
            <weight>4</weight>
            <name>Brief</name>
        </itemList>
        <itemAmountList>1</itemAmountList>
        <itemAmountList>2</itemAmountList>
        <itemAmountList>1</itemAmountList>
        <itemAmountList>1</itemAmountList>
        <capacity>5</capacity>
        <currentValue>0</currentValue>
        <currentWeight>0</currentWeight>
    </myRucksack>
    <currentValue>0</currentValue>
    <currentWeight>0</currentWeight>
</level>
