<rucksack.Level>
  <robber>BACKTRACKING_BANDIT</robber>
  <myRucksack>
    <itemList>
      <rucksack.Item>
        <value>25</value>
        <weight>15</weight>
        <name>Krone</name>
      </rucksack.Item>
      <rucksack.Item>
        <value>21</value>
        <weight>21</weight>
        <name>Pokal</name>
      </rucksack.Item>
      <rucksack.Item>
        <value>10</value>
        <weight>6</weight>
        <name>Ring</name>
      </rucksack.Item>
      <rucksack.Item>
        <value>18</value>
        <weight>16</weight>
        <name>Vase</name>
      </rucksack.Item>
      <rucksack.Item>
        <value>16</value>
        <weight>11</weight>
        <name>Kompass</name>
      </rucksack.Item>
    </itemList>
    <itemAmountList>
      <int>1</int>
      <int>1</int>
      <int>1</int>
      <int>1</int>
      <int>1</int>
    </itemAmountList>
    <availableItemAmountList>
      <int>1</int>
      <int>1</int>
      <int>1</int>
      <int>1</int>
      <int>1</int>
    </availableItemAmountList>
    <inRucksackAmountList>
      <int>0</int>
      <int>0</int>
      <int>0</int>
      <int>0</int>
      <int>0</int>
    </inRucksackAmountList>
    <currentValue>0</currentValue>
    <currentWeight>0</currentWeight>
    <capacity>42</capacity>
    <backtrackingItemList/>
    <inTrashAmountList/>
  </myRucksack>
</rucksack.Level>