<?xml version="1.0" encoding="UTF-8" standalone="yes"?>
<level>
    <itemList>
        <value>25</value>
        <weight>15</weight>
        <name>Krone</name>
    </itemList>
    <itemList>
        <value>21</value>
        <weight>21</weight>
        <name>Pokal</name>
    </itemList>
    <itemList>
        <value>10</value>
        <weight>6</weight>
        <name>Ring</name>
    </itemList>
    <itemList>
        <value>18</value>
        <weight>16</weight>
        <name>Vase</name>
    </itemList>
    <itemList>
        <value>16</value>
        <weight>11</weight>
        <name>Kompass</name>
    </itemList>
    <itemAmountList>1</itemAmountList>
    <itemAmountList>1</itemAmountList>
    <itemAmountList>1</itemAmountList>
    <itemAmountList>1</itemAmountList>
    <itemAmountList>1</itemAmountList>
    <robber>BACKTRACKING_BANDIT</robber>
    <capacity>42</capacity>
    <counter>0</counter>
</level>
