<?xml version="1.0" encoding="UTF-8" standalone="yes"?>
<level>
    <robber>BACKTRACKING_BANDIT</robber>
    <myRucksack>
        <itemList>
            <value>25</value>
            <weight>15</weight>
            <name>Krone</name>
        </itemList>
        <itemList>
            <value>21</value>
            <weight>21</weight>
            <name>Pokal</name>
        </itemList>
        <itemList>
            <value>10</value>
            <weight>6</weight>
            <name>Ring</name>
        </itemList>
        <itemList>
            <value>18</value>
            <weight>16</weight>
            <name>Vase</name>
        </itemList>
        <itemList>
            <value>16</value>
            <weight>11</weight>
            <name>Kompass</name>
        </itemList>
        <itemAmountList>1</itemAmountList>
        <itemAmountList>1</itemAmountList>
        <itemAmountList>1</itemAmountList>
        <itemAmountList>1</itemAmountList>
        <itemAmountList>1</itemAmountList>
        <capacity>42</capacity>
        <currentValue>0</currentValue>
        <currentWeight>0</currentWeight>
    </myRucksack>
    <currentValue>0</currentValue>
    <currentWeight>0</currentWeight>
</level>
