<rucksack.Level>
  <robber>GIERIGER_GANOVE</robber>
  <myRucksack>
    <itemList>
      <rucksack.Item>
        <value>6</value>
        <weight>5</weight>
        <name>Krone</name>
      </rucksack.Item>
      <rucksack.Item>
        <value>6</value>
        <weight>7</weight>
        <name>Spiegel</name>
      </rucksack.Item>
      <rucksack.Item>
        <value>14</value>
        <weight>12</weight>
        <name>Vase</name>
      </rucksack.Item>
      <rucksack.Item>
        <value>4</value>
        <weight>3</weight>
        <name>Dolch</name>
      </rucksack.Item>
      <rucksack.Item>
        <value>3</value>
        <weight>2</weight>
        <name>Brief</name>
      </rucksack.Item>
    </itemList>
    <itemAmountList>
      <int>1</int>
      <int>1</int>
      <int>1</int>
      <int>1</int>
      <int>2</int>
    </itemAmountList>
    <availableItemAmountList>
      <int>1</int>
      <int>1</int>
      <int>1</int>
      <int>1</int>
      <int>2</int>
    </availableItemAmountList>
    <inRucksackAmountList>
      <int>0</int>
      <int>0</int>
      <int>0</int>
      <int>0</int>
      <int>0</int>
    </inRucksackAmountList>
    <currentValue>0</currentValue>
    <currentWeight>0</currentWeight>
    <capacity>20</capacity>
    <backtrackingItemList/>
    <inTrashAmountList/>
  </myRucksack>
</rucksack.Level>