<?xml version="1.0" encoding="UTF-8" standalone="yes"?>
<level>
    <itemList>
        <value>6</value>
        <weight>5</weight>
        <name>Krone</name>
    </itemList>
    <itemList>
        <value>6</value>
        <weight>7</weight>
        <name>Spiegel</name>
    </itemList>
    <itemList>
        <value>14</value>
        <weight>12</weight>
        <name>Vase</name>
    </itemList>
    <itemList>
        <value>4</value>
        <weight>3</weight>
        <name>Dolch</name>
    </itemList>
    <itemList>
        <value>3</value>
        <weight>2</weight>
        <name>Ring</name>
    </itemList>
    <itemList>
        <value>2</value>
        <weight>3</weight>
        <name>Bief</name>
    </itemList>
    <itemAmountList>1</itemAmountList>
    <itemAmountList>1</itemAmountList>
    <itemAmountList>1</itemAmountList>
    <itemAmountList>1</itemAmountList>
    <itemAmountList>1</itemAmountList>
    <itemAmountList>1</itemAmountList>
    <robber>GIERIGER_GANOVE</robber>
    <capacity>20</capacity>
    <counter>0</counter>
</level>
