<?xml version="1.0" encoding="UTF-8" standalone="yes"?>
<level>
    <robber>GIERIGER_GANOVE</robber>
    <myRucksack>
        <itemList>
            <value>6</value>
            <weight>5</weight>
            <name>Krone</name>
        </itemList>
        <itemList>
            <value>6</value>
            <weight>7</weight>
            <name>Spiegel</name>
        </itemList>
        <itemList>
            <value>14</value>
            <weight>12</weight>
            <name>Vase</name>
        </itemList>
        <itemList>
            <value>4</value>
            <weight>3</weight>
            <name>Dolch</name>
        </itemList>
        <itemList>
            <value>3</value>
            <weight>2</weight>
            <name>Ring</name>
        </itemList>
        <itemList>
            <value>2</value>
            <weight>3</weight>
            <name>Brief</name>
        </itemList>
        <itemAmountList>1</itemAmountList>
        <itemAmountList>1</itemAmountList>
        <itemAmountList>1</itemAmountList>
        <itemAmountList>1</itemAmountList>
        <itemAmountList>1</itemAmountList>
        <itemAmountList>1</itemAmountList>
        <capacity>20</capacity>
        <currentValue>0</currentValue>
        <currentWeight>0</currentWeight>
    </myRucksack>
    <currentValue>0</currentValue>
    <currentWeight>0</currentWeight>
</level>
