<?xml version="1.0" encoding="UTF-8" standalone="yes"?>
<level>
    <robber>BACKTRACKING_BANDIT</robber>
    <myRucksack>
        <itemList>
            <value>7</value>
            <weight>6</weight>
            <name>Brief</name>
        </itemList>
        <itemList>
            <value>8</value>
            <weight>6</weight>
            <name>Zeichnung</name>
        </itemList>
        <itemList>
            <value>20</value>
            <weight>4</weight>
            <name>Diamant</name>
        </itemList>
        <itemAmountList>1</itemAmountList>
        <itemAmountList>1</itemAmountList>
        <itemAmountList>1</itemAmountList>
        <capacity>10</capacity>
        <currentValue>0</currentValue>
        <currentWeight>0</currentWeight>
    </myRucksack>
    <currentValue>0</currentValue>
    <currentWeight>0</currentWeight>
</level>
