<rucksack.Level>
  <robber>BACKTRACKING_BANDIT</robber>
  <myRucksack>
    <itemList>
      <rucksack.Item>
        <value>7</value>
        <weight>6</weight>
        <name>Brief</name>
      </rucksack.Item>
      <rucksack.Item>
        <value>8</value>
        <weight>6</weight>
        <name>Zeichnung</name>
      </rucksack.Item>
      <rucksack.Item>
        <value>20</value>
        <weight>4</weight>
        <name>Diamant</name>
      </rucksack.Item>
    </itemList>
    <itemAmountList>
      <int>1</int>
      <int>1</int>
      <int>1</int>
    </itemAmountList>
    <availableItemAmountList>
      <int>1</int>
      <int>1</int>
      <int>1</int>
    </availableItemAmountList>
    <inRucksackAmountList>
      <int>0</int>
      <int>0</int>
      <int>0</int>
    </inRucksackAmountList>
    <currentValue>0</currentValue>
    <currentWeight>0</currentWeight>
    <capacity>10</capacity>
    <backtrackingItemList/>
    <inTrashAmountList/>
  </myRucksack>
</rucksack.Level>