<?xml version="1.0" encoding="UTF-8" standalone="yes"?>
<level>
    <robber>GIERIGER_GANOVE</robber>
    <myRucksack>
        <itemList>
            <value>42</value>
            <weight>15</weight>
            <name>Ring</name>
        </itemList>
        <itemList>
            <value>51</value>
            <weight>20</weight>
            <name>Krone</name>
        </itemList>
        <itemList>
            <value>20</value>
            <weight>8</weight>
            <name>Zeichnung</name>
        </itemList>
        <itemList>
            <value>60</value>
            <weight>24</weight>
            <name>Spiegel</name>
        </itemList>
        <itemList>
            <value>40</value>
            <weight>16</weight>
            <name>Münze</name>
        </itemList>
        <itemList>
            <value>16</value>
            <weight>8</weight>
            <name>Perle</name>
        </itemList>
        <itemList>
            <value>14</value>
            <weight>7</weight>
            <name>Diamant</name>
        </itemList>
        <itemList>
            <value>18</value>
            <weight>10</weight>
            <name>Kompass</name>
        </itemList>
        <itemList>
            <value>10</value>
            <weight>26</weight>
            <name>Buch</name>
        </itemList>
        <itemAmountList>1</itemAmountList>
        <itemAmountList>1</itemAmountList>
        <itemAmountList>2</itemAmountList>
        <itemAmountList>1</itemAmountList>
        <itemAmountList>1</itemAmountList>
        <itemAmountList>1</itemAmountList>
        <itemAmountList>1</itemAmountList>
        <itemAmountList>1</itemAmountList>
        <itemAmountList>1</itemAmountList>
        <capacity>100</capacity>
        <currentValue>0</currentValue>
        <currentWeight>0</currentWeight>
    </myRucksack>
    <currentValue>0</currentValue>
    <currentWeight>0</currentWeight>
</level>
