<rucksack.Level>
  <robber>GIERIGER_GANOVE</robber>
  <myRucksack>
    <itemList>
      <rucksack.Item>
        <value>42</value>
        <weight>15</weight>
        <name>Ring</name>
      </rucksack.Item>
      <rucksack.Item>
        <value>26</value>
        <weight>10</weight>
        <name>Brief</name>
      </rucksack.Item>
      <rucksack.Item>
        <value>51</value>
        <weight>20</weight>
        <name>Krone</name>
      </rucksack.Item>
      <rucksack.Item>
        <value>20</value>
        <weight>8</weight>
        <name>Zeichnung</name>
      </rucksack.Item>
      <rucksack.Item>
        <value>60</value>
        <weight>24</weight>
        <name>Spiegel</name>
      </rucksack.Item>
      <rucksack.Item>
        <value>40</value>
        <weight>16</weight>
        <name>Münze</name>
      </rucksack.Item>
      <rucksack.Item>
        <value>16</value>
        <weight>8</weight>
        <name>Perle</name>
      </rucksack.Item>
      <rucksack.Item>
        <value>14</value>
        <weight>7</weight>
        <name>Diamant</name>
      </rucksack.Item>
      <rucksack.Item>
        <value>18</value>
        <weight>10</weight>
        <name>Kompass</name>
      </rucksack.Item>
    </itemList>
    <itemAmountList>
      <int>1</int>
      <int>1</int>
      <int>1</int>
      <int>2</int>
      <int>1</int>
      <int>1</int>
      <int>1</int>
      <int>1</int>
      <int>1</int>
    </itemAmountList>
    <availableItemAmountList>
      <int>1</int>
      <int>1</int>
      <int>1</int>
      <int>2</int>
      <int>1</int>
      <int>1</int>
      <int>1</int>
      <int>1</int>
      <int>1</int>
    </availableItemAmountList>
    <inRucksackAmountList>
      <int>0</int>
      <int>0</int>
      <int>0</int>
      <int>0</int>
      <int>0</int>
      <int>0</int>
      <int>0</int>
      <int>0</int>
      <int>0</int>
    </inRucksackAmountList>
    <currentValue>0</currentValue>
    <currentWeight>0</currentWeight>
    <capacity>100</capacity>
    <backtrackingItemList/>
    <inTrashAmountList/>
  </myRucksack>
</rucksack.Level>