<?xml version="1.0" encoding="UTF-8" standalone="yes"?>
<level>
    <itemList>
        <value>42</value>
        <weight>15</weight>
        <name>Ring</name>
    </itemList>
    <itemList>
        <value>26</value>
        <weight>10</weight>
        <name>Brief</name>
    </itemList>
    <itemList>
        <value>51</value>
        <weight>20</weight>
        <name>Krone</name>
    </itemList>
    <itemList>
        <value>20</value>
        <weight>8</weight>
        <name>Zeichnung</name>
    </itemList>
    <itemList>
        <value>60</value>
        <weight>24</weight>
        <name>Spiegel</name>
    </itemList>
    <itemList>
        <value>40</value>
        <weight>16</weight>
        <name>Münze</name>
    </itemList>
    <itemList>
        <value>16</value>
        <weight>8</weight>
        <name>Perle</name>
    </itemList>
    <itemList>
        <value>14</value>
        <weight>7</weight>
        <name>Diamant</name>
    </itemList>
    <itemList>
        <value>18</value>
        <weight>10</weight>
        <name>Kompass</name>
    </itemList>
    <itemAmountList>1</itemAmountList>
    <itemAmountList>1</itemAmountList>
    <itemAmountList>1</itemAmountList>
    <itemAmountList>2</itemAmountList>
    <itemAmountList>1</itemAmountList>
    <itemAmountList>1</itemAmountList>
    <itemAmountList>1</itemAmountList>
    <itemAmountList>1</itemAmountList>
    <itemAmountList>1</itemAmountList>
    <robber>GIERIGER_GANOVE</robber>
    <capacity>100</capacity>
    <counter>0</counter>
</level>
