<rucksack.Level>
  <robber>BACKTRACKING_BANDIT</robber>
  <myRucksack>
    <itemList>
      <rucksack.Item>
        <value>2</value>
        <weight>7</weight>
        <name>Münze</name>
      </rucksack.Item>
      <rucksack.Item>
        <value>7</value>
        <weight>3</weight>
        <name>Ring</name>
      </rucksack.Item>
      <rucksack.Item>
        <value>6</value>
        <weight>4</weight>
        <name>Kompass</name>
      </rucksack.Item>
      <rucksack.Item>
        <value>9</value>
        <weight>8</weight>
        <name>Pokal</name>
      </rucksack.Item>
      <rucksack.Item>
        <value>8</value>
        <weight>11</weight>
        <name>Krone</name>
      </rucksack.Item>
    </itemList>
    <itemAmountList>
      <int>1</int>
      <int>1</int>
      <int>1</int>
      <int>1</int>
      <int>1</int>
    </itemAmountList>
    <availableItemAmountList>
      <int>1</int>
      <int>1</int>
      <int>1</int>
      <int>1</int>
      <int>1</int>
    </availableItemAmountList>
    <inRucksackAmountList>
      <int>0</int>
      <int>0</int>
      <int>0</int>
      <int>0</int>
      <int>0</int>
    </inRucksackAmountList>
    <currentValue>0</currentValue>
    <currentWeight>0</currentWeight>
    <capacity>14</capacity>
    <backtrackingItemList/>
    <inTrashAmountList/>
  </myRucksack>
</rucksack.Level>
