<?xml version="1.0" encoding="UTF-8" standalone="yes"?>
<level>
    <robber>BACKTRACKING_BANDIT</robber>
    <myRucksack>
        <itemList>
            <value>7</value>
            <weight>2</weight>
            <name>Münze</name>
        </itemList>
        <itemList>
            <value>7</value>
            <weight>3</weight>
            <name>Ring</name>
        </itemList>
        <itemList>
            <value>6</value>
            <weight>4</weight>
            <name>Kompass</name>
        </itemList>
        <itemList>
            <value>9</value>
            <weight>8</weight>
            <name>Pokal</name>
        </itemList>
        <itemList>
            <value>11</value>
            <weight>8</weight>
            <name>Krone</name>
        </itemList>
        <itemAmountList>1</itemAmountList>
        <itemAmountList>1</itemAmountList>
        <itemAmountList>1</itemAmountList>
        <itemAmountList>1</itemAmountList>
        <itemAmountList>1</itemAmountList>
        <capacity>14</capacity>
        <currentValue>0</currentValue>
        <currentWeight>0</currentWeight>
    </myRucksack>
    <currentValue>0</currentValue>
    <currentWeight>0</currentWeight>
</level>
