<?xml version="1.0" encoding="UTF-8" standalone="yes"?>
<level>
    <itemList>
        <value>7</value>
        <weight>2</weight>
        <name>Münze</name>
    </itemList>
    <itemList>
        <value>7</value>
        <weight>3</weight>
        <name>Ring</name>
    </itemList>
    <itemList>
        <value>6</value>
        <weight>4</weight>
        <name>Kompass</name>
    </itemList>
    <itemList>
        <value>9</value>
        <weight>8</weight>
        <name>Pokal</name>
    </itemList>
    <itemList>
        <value>11</value>
        <weight>8</weight>
        <name>Krone</name>
    </itemList>
    <itemAmountList>1</itemAmountList>
    <itemAmountList>1</itemAmountList>
    <itemAmountList>1</itemAmountList>
    <itemAmountList>1</itemAmountList>
    <itemAmountList>1</itemAmountList>
    <robber>BACKTRACKING_BANDIT</robber>
    <capacity>14</capacity>
    <counter>0</counter>
</level>
