<rucksack.Level>
  <robber>GIERIGER_GANOVE</robber>
  <myRucksack>
    <itemList>
      <rucksack.Item>
        <value>38</value>
        <weight>16</weight>
        <name>Krone</name>
      </rucksack.Item>
      <rucksack.Item>
        <value>9</value>
        <weight>5</weight>
        <name>Kompass</name>
      </rucksack.Item>
      <rucksack.Item>
        <value>15</value>
        <weight>7</weight>
        <name>Diamant</name>
      </rucksack.Item>
      <rucksack.Item>
        <value>7</value>
        <weight>4</weight>
        <name>Geldschein</name>
      </rucksack.Item>
      <rucksack.Item>
        <value>6</value>
        <weight>4</weight>
        <name>Münze</name>
      </rucksack.Item>
      <rucksack.Item>
        <value>3</value>
        <weight>3</weight>
        <name>Brief</name>
      </rucksack.Item>
      <rucksack.Item>
        <value>2</value>
        <weight>3</weight>
        <name>Zeichnung</name>
      </rucksack.Item>
      <rucksack.Item>
        <value>50</value>
        <weight>20</weight>
        <name>Spiegel</name>
      </rucksack.Item>
    </itemList>
    <itemAmountList>
      <int>1</int>
      <int>1</int>
      <int>1</int>
      <int>1</int>
      <int>1</int>
      <int>1</int>
      <int>1</int>
      <int>1</int>
    </itemAmountList>
    <availableItemAmountList>
      <int>1</int>
      <int>1</int>
      <int>1</int>
      <int>1</int>
      <int>1</int>
      <int>1</int>
      <int>1</int>
      <int>1</int>
    </availableItemAmountList>
    <inRucksackAmountList>
      <int>0</int>
      <int>0</int>
      <int>0</int>
      <int>0</int>
      <int>0</int>
      <int>0</int>
      <int>0</int>
      <int>0</int>
    </inRucksackAmountList>
    <currentValue>0</currentValue>
    <currentWeight>0</currentWeight>
    <capacity>35</capacity>
    <backtrackingItemList/>
    <inTrashAmountList/>
  </myRucksack>
</rucksack.Level>