<?xml version="1.0" encoding="UTF-8" standalone="yes"?>
<level>
    <itemList>
        <value>38</value>
        <weight>16</weight>
        <name>Krone</name>
    </itemList>
    <itemList>
        <value>9</value>
        <weight>5</weight>
        <name>Kompass</name>
    </itemList>
    <itemList>
        <value>15</value>
        <weight>7</weight>
        <name>Diamant</name>
    </itemList>
    <itemList>
        <value>7</value>
        <weight>4</weight>
        <name>Geldschein</name>
    </itemList>
    <itemList>
        <value>6</value>
        <weight>4</weight>
        <name>Münze</name>
    </itemList>
    <itemList>
        <value>3</value>
        <weight>3</weight>
        <name>Brief</name>
    </itemList>
    <itemList>
        <value>2</value>
        <weight>3</weight>
        <name>Zeichnung</name>
    </itemList>
    <itemList>
        <value>50</value>
        <weight>20</weight>
        <name>Spiegel</name>
    </itemList>
    <itemAmountList>1</itemAmountList>
    <itemAmountList>1</itemAmountList>
    <itemAmountList>1</itemAmountList>
    <itemAmountList>1</itemAmountList>
    <itemAmountList>1</itemAmountList>
    <itemAmountList>1</itemAmountList>
    <itemAmountList>1</itemAmountList>
    <itemAmountList>1</itemAmountList>
    <robber>GIERIGER_GANOVE</robber>
    <capacity>35</capacity>
    <counter>0</counter>
</level>
