<?xml version="1.0" encoding="UTF-8" standalone="yes"?>
<level>
    <itemList>
        <value>7</value>
        <weight>12</weight>
        <name>Buch</name>
    </itemList>
    <itemList>
        <value>8</value>
        <weight>6</weight>
        <name>Dolch</name>
    </itemList>
    <itemList>
        <value>4</value>
        <weight>2</weight>
        <name>Perle</name>
    </itemList>
    <itemList>
        <value>5</value>
        <weight>7</weight>
        <name>Spiegel</name>
    </itemList>
    <itemList>
        <value>10</value>
        <weight>8</weight>
        <name>Krone</name>
    </itemList>
    <itemAmountList>1</itemAmountList>
    <itemAmountList>1</itemAmountList>
    <itemAmountList>1</itemAmountList>
    <itemAmountList>1</itemAmountList>
    <itemAmountList>1</itemAmountList>
    <robber>BACKTRACKING_BANDIT</robber>
    <capacity>20</capacity>
    <counter>0</counter>
</level>
